filepath,xmin,xmax,ymin,ymax
./lpd_dataset_v2\lpd_image (1).xml,70,154,151,170
./lpd_dataset_v2\lpd_image (10).xml,523,789,396,474
./lpd_dataset_v2\lpd_image (100).xml,324,427,310,346
./lpd_dataset_v2\lpd_image (1000).xml,365,600,545,616
./lpd_dataset_v2\lpd_image (101).xml,280,608,581,677
./lpd_dataset_v2\lpd_image (102).xml,732,900,528,651
./lpd_dataset_v2\lpd_image (103).xml,324,631,611,709
./lpd_dataset_v2\lpd_image (104).xml,166,382,538,637
./lpd_dataset_v2\lpd_image (105).xml,797,946,410,531
./lpd_dataset_v2\lpd_image (106).xml,280,467,782,836
./lpd_dataset_v2\lpd_image (107).xml,726,871,525,625
./lpd_dataset_v2\lpd_image (108).xml,617,789,571,663
./lpd_dataset_v2\lpd_image (109).xml,275,486,789,846
./lpd_dataset_v2\lpd_image (11).xml,121,184,107,123
./lpd_dataset_v2\lpd_image (110).xml,169,324,594,640
./lpd_dataset_v2\lpd_image (111).xml,577,710,297,378
./lpd_dataset_v2\lpd_image (112).xml,480,628,335,408
./lpd_dataset_v2\lpd_image (113).xml,185,310,330,426
./lpd_dataset_v2\lpd_image (114).xml,159,325,619,682
./lpd_dataset_v2\lpd_image (115).xml,535,726,608,694
./lpd_dataset_v2\lpd_image (116).xml,89,263,611,708
./lpd_dataset_v2\lpd_image (117).xml,529,685,632,724
./lpd_dataset_v2\lpd_image (118).xml,84,236,660,767
./lpd_dataset_v2\lpd_image (119).xml,293,546,680,750
./lpd_dataset_v2\lpd_image (12).xml,129,261,159,188
./lpd_dataset_v2\lpd_image (120).xml,284,474,245,303
./lpd_dataset_v2\lpd_image (121).xml,596,921,673,788
./lpd_dataset_v2\lpd_image (122).xml,154,322,533,586
./lpd_dataset_v2\lpd_image (123).xml,361,590,430,499
./lpd_dataset_v2\lpd_image (124).xml,728,863,370,464
./lpd_dataset_v2\lpd_image (125).xml,368,567,284,345
./lpd_dataset_v2\lpd_image (126).xml,224,387,517,555
./lpd_dataset_v2\lpd_image (127).xml,200,415,371,444
./lpd_dataset_v2\lpd_image (128).xml,320,693,568,672
./lpd_dataset_v2\lpd_image (129).xml,1,189,531,680
./lpd_dataset_v2\lpd_image (13).xml,142,239,227,258
./lpd_dataset_v2\lpd_image (130).xml,403,618,533,600
./lpd_dataset_v2\lpd_image (131).xml,680,804,449,537
./lpd_dataset_v2\lpd_image (132).xml,357,600,500,573
./lpd_dataset_v2\lpd_image (133).xml,344,578,404,476
./lpd_dataset_v2\lpd_image (134).xml,336,560,343,409
./lpd_dataset_v2\lpd_image (135).xml,289,524,643,718
./lpd_dataset_v2\lpd_image (136).xml,281,524,449,541
./lpd_dataset_v2\lpd_image (137).xml,705,835,359,441
./lpd_dataset_v2\lpd_image (138).xml,357,606,771,881
./lpd_dataset_v2\lpd_image (139).xml,271,533,615,702
./lpd_dataset_v2\lpd_image (14).xml,126,285,178,214
./lpd_dataset_v2\lpd_image (140).xml,283,492,470,516
./lpd_dataset_v2\lpd_image (141).xml,235,453,478,533
./lpd_dataset_v2\lpd_image (142).xml,315,446,503,551
./lpd_dataset_v2\lpd_image (143).xml,378,590,369,438
./lpd_dataset_v2\lpd_image (144).xml,215,372,463,518
./lpd_dataset_v2\lpd_image (145).xml,348,555,510,570
./lpd_dataset_v2\lpd_image (146).xml,312,782,711,868
./lpd_dataset_v2\lpd_image (147).xml,321,729,816,1010
./lpd_dataset_v2\lpd_image (148).xml,346,753,683,814
./lpd_dataset_v2\lpd_image (149).xml,30,182,426,604
./lpd_dataset_v2\lpd_image (15).xml,357,798,562,708
./lpd_dataset_v2\lpd_image (150).xml,68,323,586,766
./lpd_dataset_v2\lpd_image (151).xml,362,763,681,795
./lpd_dataset_v2\lpd_image (152).xml,363,742,608,714
./lpd_dataset_v2\lpd_image (153).xml,86,260,477,628
./lpd_dataset_v2\lpd_image (154).xml,165,350,567,610
./lpd_dataset_v2\lpd_image (155).xml,196,364,546,591
./lpd_dataset_v2\lpd_image (156).xml,765,938,226,335
./lpd_dataset_v2\lpd_image (157).xml,191,326,460,509
./lpd_dataset_v2\lpd_image (158).xml,305,501,762,833
./lpd_dataset_v2\lpd_image (159).xml,408,594,766,829
./lpd_dataset_v2\lpd_image (16).xml,102,174,98,123
./lpd_dataset_v2\lpd_image (160).xml,321,587,582,670
./lpd_dataset_v2\lpd_image (161).xml,363,635,551,619
./lpd_dataset_v2\lpd_image (162).xml,103,277,541,609
./lpd_dataset_v2\lpd_image (163).xml,404,637,455,520
./lpd_dataset_v2\lpd_image (164).xml,254,545,674,757
./lpd_dataset_v2\lpd_image (165).xml,280,557,440,529
./lpd_dataset_v2\lpd_image (166).xml,234,506,764,852
./lpd_dataset_v2\lpd_image (167).xml,264,500,577,645
./lpd_dataset_v2\lpd_image (168).xml,272,539,638,711
./lpd_dataset_v2\lpd_image (169).xml,263,544,857,931
./lpd_dataset_v2\lpd_image (17).xml,302,540,643,706
./lpd_dataset_v2\lpd_image (170).xml,514,829,558,669
./lpd_dataset_v2\lpd_image (171).xml,290,658,696,821
./lpd_dataset_v2\lpd_image (172).xml,699,1031,1039,1195
./lpd_dataset_v2\lpd_image (173).xml,595,787,312,428
./lpd_dataset_v2\lpd_image (174).xml,376,464,288,319
./lpd_dataset_v2\lpd_image (175).xml,394,557,220,270
./lpd_dataset_v2\lpd_image (176).xml,272,447,527,596
./lpd_dataset_v2\lpd_image (177).xml,280,445,613,667
./lpd_dataset_v2\lpd_image (178).xml,753,889,317,398
./lpd_dataset_v2\lpd_image (179).xml,352,747,617,744
./lpd_dataset_v2\lpd_image (18).xml,328,655,573,670
./lpd_dataset_v2\lpd_image (180).xml,250,461,618,683
./lpd_dataset_v2\lpd_image (181).xml,234,489,507,600
./lpd_dataset_v2\lpd_image (182).xml,230,503,613,698
./lpd_dataset_v2\lpd_image (183).xml,289,619,714,819
./lpd_dataset_v2\lpd_image (184).xml,181,455,570,692
./lpd_dataset_v2\lpd_image (185).xml,279,552,703,791
./lpd_dataset_v2\lpd_image (186).xml,676,918,622,712
./lpd_dataset_v2\lpd_image (187).xml,600,879,695,805
./lpd_dataset_v2\lpd_image (188).xml,687,920,660,784
./lpd_dataset_v2\lpd_image (189).xml,282,502,561,635
./lpd_dataset_v2\lpd_image (19).xml,334,575,354,474
./lpd_dataset_v2\lpd_image (190).xml,398,708,379,481
./lpd_dataset_v2\lpd_image (191).xml,448,687,499,575
./lpd_dataset_v2\lpd_image (192).xml,394,679,369,473
./lpd_dataset_v2\lpd_image (193).xml,328,699,515,625
./lpd_dataset_v2\lpd_image (194).xml,368,718,361,480
./lpd_dataset_v2\lpd_image (195).xml,729,966,431,586
./lpd_dataset_v2\lpd_image (196).xml,250,466,736,804
./lpd_dataset_v2\lpd_image (197).xml,447,617,393,441
./lpd_dataset_v2\lpd_image (198).xml,317,688,851,946
./lpd_dataset_v2\lpd_image (199).xml,249,465,545,613
./lpd_dataset_v2\lpd_image (2).xml,114,191,98,117
./lpd_dataset_v2\lpd_image (20).xml,257,650,226,375
./lpd_dataset_v2\lpd_image (200).xml,273,560,769,853
./lpd_dataset_v2\lpd_image (201).xml,285,532,521,604
./lpd_dataset_v2\lpd_image (202).xml,241,494,621,698
./lpd_dataset_v2\lpd_image (203).xml,240,489,456,536
./lpd_dataset_v2\lpd_image (204).xml,359,625,553,626
./lpd_dataset_v2\lpd_image (205).xml,352,623,460,546
./lpd_dataset_v2\lpd_image (206).xml,420,655,498,571
./lpd_dataset_v2\lpd_image (207).xml,392,667,540,632
./lpd_dataset_v2\lpd_image (208).xml,380,660,393,492
./lpd_dataset_v2\lpd_image (209).xml,180,290,380,440
./lpd_dataset_v2\lpd_image (21).xml,387,590,488,553
./lpd_dataset_v2\lpd_image (210).xml,375,588,602,669
./lpd_dataset_v2\lpd_image (211).xml,391,599,578,642
./lpd_dataset_v2\lpd_image (212).xml,278,423,449,494
./lpd_dataset_v2\lpd_image (213).xml,272,439,439,487
./lpd_dataset_v2\lpd_image (214).xml,295,451,470,518
./lpd_dataset_v2\lpd_image (215).xml,276,430,428,469
./lpd_dataset_v2\lpd_image (216).xml,350,535,546,603
./lpd_dataset_v2\lpd_image (217).xml,337,627,560,639
./lpd_dataset_v2\lpd_image (218).xml,352,631,346,432
./lpd_dataset_v2\lpd_image (219).xml,151,317,588,640
./lpd_dataset_v2\lpd_image (22).xml,208,391,363,426
./lpd_dataset_v2\lpd_image (220).xml,164,272,497,530
./lpd_dataset_v2\lpd_image (221).xml,239,364,528,598
./lpd_dataset_v2\lpd_image (222).xml,252,508,831,910
./lpd_dataset_v2\lpd_image (223).xml,67,232,731,820
./lpd_dataset_v2\lpd_image (224).xml,272,550,877,951
./lpd_dataset_v2\lpd_image (225).xml,298,551,553,638
./lpd_dataset_v2\lpd_image (226).xml,330,553,493,566
./lpd_dataset_v2\lpd_image (227).xml,460,658,471,574
./lpd_dataset_v2\lpd_image (228).xml,370,473,377,404
./lpd_dataset_v2\lpd_image (229).xml,275,483,325,385
./lpd_dataset_v2\lpd_image (23).xml,122,201,285,311
./lpd_dataset_v2\lpd_image (230).xml,264,548,691,767
./lpd_dataset_v2\lpd_image (231).xml,300,559,625,743
./lpd_dataset_v2\lpd_image (232).xml,217,498,577,663
./lpd_dataset_v2\lpd_image (233).xml,184,395,482,549
./lpd_dataset_v2\lpd_image (234).xml,233,449,466,527
./lpd_dataset_v2\lpd_image (235).xml,191,350,385,459
./lpd_dataset_v2\lpd_image (236).xml,277,500,519,611
./lpd_dataset_v2\lpd_image (237).xml,239,504,324,408
./lpd_dataset_v2\lpd_image (238).xml,180,500,485,594
./lpd_dataset_v2\lpd_image (239).xml,495,689,320,439
./lpd_dataset_v2\lpd_image (24).xml,82,181,234,264
./lpd_dataset_v2\lpd_image (240).xml,273,561,378,482
./lpd_dataset_v2\lpd_image (241).xml,207,562,654,771
./lpd_dataset_v2\lpd_image (242).xml,41,316,734,899
./lpd_dataset_v2\lpd_image (243).xml,277,510,704,771
./lpd_dataset_v2\lpd_image (244).xml,346,600,488,583
./lpd_dataset_v2\lpd_image (245).xml,254,521,683,766
./lpd_dataset_v2\lpd_image (246).xml,267,436,524,580
./lpd_dataset_v2\lpd_image (247).xml,324,516,674,740
./lpd_dataset_v2\lpd_image (248).xml,315,514,446,513
./lpd_dataset_v2\lpd_image (249).xml,278,541,388,484
./lpd_dataset_v2\lpd_image (25).xml,134,222,234,266
./lpd_dataset_v2\lpd_image (250).xml,347,499,380,428
./lpd_dataset_v2\lpd_image (251).xml,111,364,724,859
./lpd_dataset_v2\lpd_image (252).xml,251,527,518,605
./lpd_dataset_v2\lpd_image (253).xml,245,579,678,827
./lpd_dataset_v2\lpd_image (254).xml,382,589,434,489
./lpd_dataset_v2\lpd_image (255).xml,376,538,404,460
./lpd_dataset_v2\lpd_image (256).xml,212,518,507,595
./lpd_dataset_v2\lpd_image (257).xml,244,514,647,725
./lpd_dataset_v2\lpd_image (258).xml,308,653,695,811
./lpd_dataset_v2\lpd_image (259).xml,90,199,144,178
./lpd_dataset_v2\lpd_image (26).xml,151,262,115,152
./lpd_dataset_v2\lpd_image (260).xml,102,209,222,254
./lpd_dataset_v2\lpd_image (261).xml,119,188,144,167
./lpd_dataset_v2\lpd_image (262).xml,201,321,513,552
./lpd_dataset_v2\lpd_image (263).xml,160,339,527,575
./lpd_dataset_v2\lpd_image (264).xml,463,754,525,629
./lpd_dataset_v2\lpd_image (265).xml,187,412,665,781
./lpd_dataset_v2\lpd_image (266).xml,132,273,219,246
./lpd_dataset_v2\lpd_image (267).xml,399,574,261,313
./lpd_dataset_v2\lpd_image (268).xml,264,509,619,690
./lpd_dataset_v2\lpd_image (269).xml,171,290,606,652
./lpd_dataset_v2\lpd_image (27).xml,137,244,144,179
./lpd_dataset_v2\lpd_image (270).xml,253,437,380,438
./lpd_dataset_v2\lpd_image (271).xml,145,306,565,606
./lpd_dataset_v2\lpd_image (272).xml,141,316,567,622
./lpd_dataset_v2\lpd_image (273).xml,364,469,234,268
./lpd_dataset_v2\lpd_image (274).xml,101,191,265,296
./lpd_dataset_v2\lpd_image (275).xml,89,176,145,168
./lpd_dataset_v2\lpd_image (276).xml,108,207,224,253
./lpd_dataset_v2\lpd_image (277).xml,432,753,409,507
./lpd_dataset_v2\lpd_image (278).xml,110,213,264,291
./lpd_dataset_v2\lpd_image (279).xml,97,185,274,297
./lpd_dataset_v2\lpd_image (28).xml,350,509,308,354
./lpd_dataset_v2\lpd_image (280).xml,262,490,641,707
./lpd_dataset_v2\lpd_image (281).xml,355,558,525,586
./lpd_dataset_v2\lpd_image (282).xml,268,519,639,709
./lpd_dataset_v2\lpd_image (283).xml,100,187,271,295
./lpd_dataset_v2\lpd_image (284).xml,237,518,472,563
./lpd_dataset_v2\lpd_image (285).xml,161,385,465,542
./lpd_dataset_v2\lpd_image (286).xml,360,518,310,358
./lpd_dataset_v2\lpd_image (287).xml,245,533,405,488
./lpd_dataset_v2\lpd_image (288).xml,130,402,715,802
./lpd_dataset_v2\lpd_image (289).xml,90,195,205,238
./lpd_dataset_v2\lpd_image (29).xml,287,589,368,468
./lpd_dataset_v2\lpd_image (290).xml,102,207,287,320
./lpd_dataset_v2\lpd_image (291).xml,229,450,659,731
./lpd_dataset_v2\lpd_image (292).xml,278,473,274,339
./lpd_dataset_v2\lpd_image (293).xml,327,469,468,522
./lpd_dataset_v2\lpd_image (294).xml,256,499,612,699
./lpd_dataset_v2\lpd_image (295).xml,147,347,494,558
./lpd_dataset_v2\lpd_image (296).xml,84,201,457,511
./lpd_dataset_v2\lpd_image (297).xml,132,215,228,266
./lpd_dataset_v2\lpd_image (298).xml,408,562,648,710
./lpd_dataset_v2\lpd_image (299).xml,124,193,147,169
./lpd_dataset_v2\lpd_image (3).xml,49,98,133,147
./lpd_dataset_v2\lpd_image (30).xml,161,279,217,252
./lpd_dataset_v2\lpd_image (300).xml,70,201,282,317
./lpd_dataset_v2\lpd_image (301).xml,459,653,757,855
./lpd_dataset_v2\lpd_image (302).xml,303,487,365,412
./lpd_dataset_v2\lpd_image (303).xml,182,340,572,628
./lpd_dataset_v2\lpd_image (304).xml,280,450,349,394
./lpd_dataset_v2\lpd_image (305).xml,88,283,700,783
./lpd_dataset_v2\lpd_image (306).xml,466,616,752,804
./lpd_dataset_v2\lpd_image (307).xml,363,501,245,284
./lpd_dataset_v2\lpd_image (308).xml,410,691,560,652
./lpd_dataset_v2\lpd_image (309).xml,544,826,592,718
./lpd_dataset_v2\lpd_image (31).xml,291,495,401,466
./lpd_dataset_v2\lpd_image (310).xml,397,608,521,581
./lpd_dataset_v2\lpd_image (311).xml,363,599,545,615
./lpd_dataset_v2\lpd_image (312).xml,317,658,1089,1177
./lpd_dataset_v2\lpd_image (313).xml,317,650,927,1045
./lpd_dataset_v2\lpd_image (314).xml,488,973,1340,1449
./lpd_dataset_v2\lpd_image (315).xml,259,547,1178,1265
./lpd_dataset_v2\lpd_image (316).xml,432,544,200,253
./lpd_dataset_v2\lpd_image (317).xml,134,222,248,293
./lpd_dataset_v2\lpd_image (318).xml,411,505,242,293
./lpd_dataset_v2\lpd_image (319).xml,102,207,197,253
./lpd_dataset_v2\lpd_image (32).xml,403,637,451,526
./lpd_dataset_v2\lpd_image (320).xml,84,208,288,366
./lpd_dataset_v2\lpd_image (321).xml,449,559,313,392
./lpd_dataset_v2\lpd_image (322).xml,423,547,217,280
./lpd_dataset_v2\lpd_image (323).xml,417,521,214,264
./lpd_dataset_v2\lpd_image (324).xml,150,312,662,708
./lpd_dataset_v2\lpd_image (325).xml,269,561,913,989
./lpd_dataset_v2\lpd_image (326).xml,303,527,700,767
./lpd_dataset_v2\lpd_image (327).xml,328,577,580,658
./lpd_dataset_v2\lpd_image (328).xml,371,599,601,661
./lpd_dataset_v2\lpd_image (329).xml,236,513,710,781
./lpd_dataset_v2\lpd_image (33).xml,287,508,782,846
./lpd_dataset_v2\lpd_image (330).xml,286,526,610,684
./lpd_dataset_v2\lpd_image (331).xml,283,504,581,652
./lpd_dataset_v2\lpd_image (332).xml,420,678,377,448
./lpd_dataset_v2\lpd_image (333).xml,263,515,641,711
./lpd_dataset_v2\lpd_image (334).xml,268,516,725,790
./lpd_dataset_v2\lpd_image (335).xml,439,652,593,659
./lpd_dataset_v2\lpd_image (336).xml,270,540,689,777
./lpd_dataset_v2\lpd_image (337).xml,418,641,578,633
./lpd_dataset_v2\lpd_image (338).xml,390,591,512,572
./lpd_dataset_v2\lpd_image (339).xml,155,344,493,561
./lpd_dataset_v2\lpd_image (34).xml,284,446,662,714
./lpd_dataset_v2\lpd_image (340).xml,394,643,601,668
./lpd_dataset_v2\lpd_image (341).xml,272,555,501,591
./lpd_dataset_v2\lpd_image (342).xml,373,707,515,621
./lpd_dataset_v2\lpd_image (343).xml,401,569,223,273
./lpd_dataset_v2\lpd_image (344).xml,291,565,668,755
./lpd_dataset_v2\lpd_image (345).xml,299,571,733,809
./lpd_dataset_v2\lpd_image (346).xml,396,619,384,446
./lpd_dataset_v2\lpd_image (347).xml,430,666,506,579
./lpd_dataset_v2\lpd_image (348).xml,377,640,371,467
./lpd_dataset_v2\lpd_image (349).xml,383,682,406,503
./lpd_dataset_v2\lpd_image (35).xml,355,513,445,514
./lpd_dataset_v2\lpd_image (350).xml,445,693,541,608
./lpd_dataset_v2\lpd_image (351).xml,318,649,745,844
./lpd_dataset_v2\lpd_image (352).xml,312,634,621,738
./lpd_dataset_v2\lpd_image (353).xml,262,509,657,738
./lpd_dataset_v2\lpd_image (354).xml,270,500,717,791
./lpd_dataset_v2\lpd_image (355).xml,339,452,542,578
./lpd_dataset_v2\lpd_image (356).xml,348,510,611,660
./lpd_dataset_v2\lpd_image (357).xml,376,577,570,632
./lpd_dataset_v2\lpd_image (358).xml,355,540,327,386
./lpd_dataset_v2\lpd_image (359).xml,254,537,784,863
./lpd_dataset_v2\lpd_image (36).xml,642,785,415,491
./lpd_dataset_v2\lpd_image (360).xml,345,650,570,663
./lpd_dataset_v2\lpd_image (361).xml,398,701,598,689
./lpd_dataset_v2\lpd_image (362).xml,405,671,561,634
./lpd_dataset_v2\lpd_image (363).xml,440,638,389,446
./lpd_dataset_v2\lpd_image (364).xml,365,630,679,757
./lpd_dataset_v2\lpd_image (365).xml,357,620,666,748
./lpd_dataset_v2\lpd_image (366).xml,296,474,519,576
./lpd_dataset_v2\lpd_image (367).xml,447,687,587,658
./lpd_dataset_v2\lpd_image (368).xml,394,679,413,501
./lpd_dataset_v2\lpd_image (369).xml,403,678,626,703
./lpd_dataset_v2\lpd_image (37).xml,687,826,301,363
./lpd_dataset_v2\lpd_image (370).xml,411,735,567,671
./lpd_dataset_v2\lpd_image (371).xml,419,636,594,655
./lpd_dataset_v2\lpd_image (372).xml,419,635,372,440
./lpd_dataset_v2\lpd_image (373).xml,394,609,494,568
./lpd_dataset_v2\lpd_image (374).xml,420,635,612,673
./lpd_dataset_v2\lpd_image (375).xml,276,562,750,831
./lpd_dataset_v2\lpd_image (376).xml,285,533,807,874
./lpd_dataset_v2\lpd_image (377).xml,262,554,786,870
./lpd_dataset_v2\lpd_image (378).xml,283,535,779,844
./lpd_dataset_v2\lpd_image (379).xml,417,682,660,723
./lpd_dataset_v2\lpd_image (38).xml,287,485,584,655
./lpd_dataset_v2\lpd_image (380).xml,299,565,794,858
./lpd_dataset_v2\lpd_image (381).xml,283,552,587,667
./lpd_dataset_v2\lpd_image (382).xml,346,607,667,752
./lpd_dataset_v2\lpd_image (383).xml,418,663,471,539
./lpd_dataset_v2\lpd_image (384).xml,414,677,515,584
./lpd_dataset_v2\lpd_image (385).xml,330,636,646,735
./lpd_dataset_v2\lpd_image (386).xml,286,466,344,410
./lpd_dataset_v2\lpd_image (387).xml,303,569,778,841
./lpd_dataset_v2\lpd_image (388).xml,265,543,959,1022
./lpd_dataset_v2\lpd_image (389).xml,271,562,910,987
./lpd_dataset_v2\lpd_image (39).xml,175,350,336,421
./lpd_dataset_v2\lpd_image (390).xml,266,482,627,699
./lpd_dataset_v2\lpd_image (391).xml,324,535,446,507
./lpd_dataset_v2\lpd_image (392).xml,385,701,590,676
./lpd_dataset_v2\lpd_image (393).xml,400,728,626,730
./lpd_dataset_v2\lpd_image (394).xml,408,543,465,506
./lpd_dataset_v2\lpd_image (395).xml,409,608,405,474
./lpd_dataset_v2\lpd_image (396).xml,330,674,778,876
./lpd_dataset_v2\lpd_image (397).xml,356,613,520,598
./lpd_dataset_v2\lpd_image (398).xml,367,591,437,499
./lpd_dataset_v2\lpd_image (399).xml,254,581,888,980
./lpd_dataset_v2\lpd_image (4).xml,83,196,115,156
./lpd_dataset_v2\lpd_image (40).xml,281,501,403,476
./lpd_dataset_v2\lpd_image (400).xml,269,552,784,879
./lpd_dataset_v2\lpd_image (401).xml,296,550,664,749
./lpd_dataset_v2\lpd_image (402).xml,332,572,526,602
./lpd_dataset_v2\lpd_image (403).xml,435,570,369,408
./lpd_dataset_v2\lpd_image (404).xml,476,610,378,423
./lpd_dataset_v2\lpd_image (405).xml,420,575,321,364
./lpd_dataset_v2\lpd_image (406).xml,400,590,349,410
./lpd_dataset_v2\lpd_image (407).xml,460,650,367,426
./lpd_dataset_v2\lpd_image (408).xml,308,558,753,825
./lpd_dataset_v2\lpd_image (409).xml,376,596,793,870
./lpd_dataset_v2\lpd_image (41).xml,101,263,379,455
./lpd_dataset_v2\lpd_image (410).xml,260,455,728,788
./lpd_dataset_v2\lpd_image (411).xml,361,680,391,496
./lpd_dataset_v2\lpd_image (412).xml,381,690,580,683
./lpd_dataset_v2\lpd_image (413).xml,406,661,631,708
./lpd_dataset_v2\lpd_image (414).xml,412,637,446,515
./lpd_dataset_v2\lpd_image (415).xml,320,578,718,778
./lpd_dataset_v2\lpd_image (416).xml,320,532,683,757
./lpd_dataset_v2\lpd_image (417).xml,363,593,515,618
./lpd_dataset_v2\lpd_image (418).xml,441,624,584,636
./lpd_dataset_v2\lpd_image (419).xml,295,512,629,695
./lpd_dataset_v2\lpd_image (42).xml,524,677,365,433
./lpd_dataset_v2\lpd_image (420).xml,337,552,548,608
./lpd_dataset_v2\lpd_image (421).xml,351,660,501,599
./lpd_dataset_v2\lpd_image (422).xml,255,568,572,656
./lpd_dataset_v2\lpd_image (423).xml,343,712,690,805
./lpd_dataset_v2\lpd_image (424).xml,387,621,552,624
./lpd_dataset_v2\lpd_image (425).xml,250,578,556,624
./lpd_dataset_v2\lpd_image (426).xml,353,642,339,441
./lpd_dataset_v2\lpd_image (427).xml,349,474,325,363
./lpd_dataset_v2\lpd_image (428).xml,430,559,431,467
./lpd_dataset_v2\lpd_image (429).xml,450,606,434,480
./lpd_dataset_v2\lpd_image (43).xml,550,682,232,301
./lpd_dataset_v2\lpd_image (430).xml,441,578,369,407
./lpd_dataset_v2\lpd_image (431).xml,261,511,488,572
./lpd_dataset_v2\lpd_image (432).xml,1458,2480,1664,1972
./lpd_dataset_v2\lpd_image (433).xml,1953,2608,1528,1936
./lpd_dataset_v2\lpd_image (434).xml,1568,2540,1722,2020
./lpd_dataset_v2\lpd_image (435).xml,1493,2196,2097,2497
./lpd_dataset_v2\lpd_image (436).xml,1498,2520,1922,2184
./lpd_dataset_v2\lpd_image (437).xml,1463,2436,1862,2144
./lpd_dataset_v2\lpd_image (438).xml,1152,2088,1856,2337
./lpd_dataset_v2\lpd_image (439).xml,1476,2324,1440,1744
./lpd_dataset_v2\lpd_image (44).xml,138,302,256,312
./lpd_dataset_v2\lpd_image (440).xml,1636,2307,1455,1658
./lpd_dataset_v2\lpd_image (441).xml,1302,2302,1746,2111
./lpd_dataset_v2\lpd_image (442).xml,2239,2776,1506,1890
./lpd_dataset_v2\lpd_image (443).xml,1137,2040,2026,2450
./lpd_dataset_v2\lpd_image (444).xml,1680,2504,1562,1850
./lpd_dataset_v2\lpd_image (445).xml,1859,2821,1893,2256
./lpd_dataset_v2\lpd_image (446).xml,2046,2901,1615,1999
./lpd_dataset_v2\lpd_image (447).xml,1832,2888,1826,2250
./lpd_dataset_v2\lpd_image (448).xml,1962,2608,1708,2109
./lpd_dataset_v2\lpd_image (449).xml,1579,2102,1196,1543
./lpd_dataset_v2\lpd_image (45).xml,388,714,371,478
./lpd_dataset_v2\lpd_image (450).xml,1864,2304,1575,1845
./lpd_dataset_v2\lpd_image (451).xml,289,493,682,740
./lpd_dataset_v2\lpd_image (452).xml,314,520,265,322
./lpd_dataset_v2\lpd_image (453).xml,432,632,414,500
./lpd_dataset_v2\lpd_image (454).xml,803,953,691,739
./lpd_dataset_v2\lpd_image (455).xml,791,956,639,685
./lpd_dataset_v2\lpd_image (456).xml,1484,2196,2375,2749
./lpd_dataset_v2\lpd_image (457).xml,1611,2446,2196,2579
./lpd_dataset_v2\lpd_image (458).xml,2227,3132,1967,2444
./lpd_dataset_v2\lpd_image (459).xml,1664,3154,2322,2745
./lpd_dataset_v2\lpd_image (46).xml,543,705,671,775
./lpd_dataset_v2\lpd_image (460).xml,1793,2905,2446,2791
./lpd_dataset_v2\lpd_image (461).xml,1670,2863,2535,2912
./lpd_dataset_v2\lpd_image (462).xml,1526,2092,2142,2400
./lpd_dataset_v2\lpd_image (463).xml,1658,2298,2343,2644
./lpd_dataset_v2\lpd_image (464).xml,1367,2378,2374,2873
./lpd_dataset_v2\lpd_image (465).xml,1688,2536,2568,2873
./lpd_dataset_v2\lpd_image (466).xml,1890,2686,1879,2369
./lpd_dataset_v2\lpd_image (467).xml,1943,2440,2248,2675
./lpd_dataset_v2\lpd_image (468).xml,2179,3065,2272,2672
./lpd_dataset_v2\lpd_image (469).xml,1888,2895,2132,2431
./lpd_dataset_v2\lpd_image (47).xml,252,533,804,893
./lpd_dataset_v2\lpd_image (470).xml,1555,2245,2101,2479
./lpd_dataset_v2\lpd_image (471).xml,2544,3191,2652,3016
./lpd_dataset_v2\lpd_image (472).xml,3051,3777,2268,2553
./lpd_dataset_v2\lpd_image (473).xml,1897,3209,1814,2375
./lpd_dataset_v2\lpd_image (474).xml,1541,2648,2448,2850
./lpd_dataset_v2\lpd_image (475).xml,1703,2396,1574,1992
./lpd_dataset_v2\lpd_image (476).xml,2117,2506,1888,2215
./lpd_dataset_v2\lpd_image (477).xml,2421,3063,1482,1872
./lpd_dataset_v2\lpd_image (478).xml,1796,2755,1410,1694
./lpd_dataset_v2\lpd_image (479).xml,2056,2877,1434,1961
./lpd_dataset_v2\lpd_image (48).xml,68,227,641,740
./lpd_dataset_v2\lpd_image (480).xml,1738,2708,1687,2000
./lpd_dataset_v2\lpd_image (481).xml,1993,2624,1727,2100
./lpd_dataset_v2\lpd_image (482).xml,1916,2795,1892,2167
./lpd_dataset_v2\lpd_image (483).xml,1778,2515,1710,2003
./lpd_dataset_v2\lpd_image (484).xml,1548,2383,1751,1986
./lpd_dataset_v2\lpd_image (485).xml,1191,2119,1682,1991
./lpd_dataset_v2\lpd_image (486).xml,1393,2209,1608,1866
./lpd_dataset_v2\lpd_image (487).xml,1137,1970,1730,1992
./lpd_dataset_v2\lpd_image (488).xml,1155,1935,1680,1980
./lpd_dataset_v2\lpd_image (489).xml,1487,2336,1781,2014
./lpd_dataset_v2\lpd_image (49).xml,403,652,411,491
./lpd_dataset_v2\lpd_image (490).xml,1663,2480,1342,1600
./lpd_dataset_v2\lpd_image (491).xml,1783,2253,1781,2060
./lpd_dataset_v2\lpd_image (492).xml,2106,2610,2451,2782
./lpd_dataset_v2\lpd_image (493).xml,241,405,292,335
./lpd_dataset_v2\lpd_image (494).xml,228,423,202,254
./lpd_dataset_v2\lpd_image (495).xml,219,408,322,370
./lpd_dataset_v2\lpd_image (496).xml,235,438,222,281
./lpd_dataset_v2\lpd_image (497).xml,237,440,344,404
./lpd_dataset_v2\lpd_image (498).xml,284,399,313,377
./lpd_dataset_v2\lpd_image (499).xml,220,432,322,394
./lpd_dataset_v2\lpd_image (5).xml,253,331,275,306
./lpd_dataset_v2\lpd_image (50).xml,445,619,465,516
./lpd_dataset_v2\lpd_image (500).xml,219,437,177,260
./lpd_dataset_v2\lpd_image (501).xml,205,400,234,293
./lpd_dataset_v2\lpd_image (502).xml,211,427,285,349
./lpd_dataset_v2\lpd_image (503).xml,457,556,219,287
./lpd_dataset_v2\lpd_image (504).xml,256,425,210,257
./lpd_dataset_v2\lpd_image (505).xml,30,130,206,285
./lpd_dataset_v2\lpd_image (506).xml,223,434,349,411
./lpd_dataset_v2\lpd_image (507).xml,284,385,249,312
./lpd_dataset_v2\lpd_image (508).xml,227,406,242,296
./lpd_dataset_v2\lpd_image (509).xml,118,210,209,278
./lpd_dataset_v2\lpd_image (51).xml,353,663,515,591
./lpd_dataset_v2\lpd_image (510).xml,101,221,229,300
./lpd_dataset_v2\lpd_image (511).xml,219,426,350,422
./lpd_dataset_v2\lpd_image (512).xml,217,402,322,381
./lpd_dataset_v2\lpd_image (513).xml,231,420,325,378
./lpd_dataset_v2\lpd_image (514).xml,225,418,218,279
./lpd_dataset_v2\lpd_image (515).xml,235,401,207,262
./lpd_dataset_v2\lpd_image (516).xml,222,413,338,394
./lpd_dataset_v2\lpd_image (517).xml,94,223,211,278
./lpd_dataset_v2\lpd_image (518).xml,236,413,306,360
./lpd_dataset_v2\lpd_image (519).xml,214,428,281,346
./lpd_dataset_v2\lpd_image (52).xml,382,675,521,600
./lpd_dataset_v2\lpd_image (520).xml,237,438,292,350
./lpd_dataset_v2\lpd_image (521).xml,231,430,250,307
./lpd_dataset_v2\lpd_image (522).xml,232,430,234,294
./lpd_dataset_v2\lpd_image (523).xml,231,410,196,250
./lpd_dataset_v2\lpd_image (524).xml,243,423,338,386
./lpd_dataset_v2\lpd_image (525).xml,232,415,341,402
./lpd_dataset_v2\lpd_image (526).xml,239,394,257,312
./lpd_dataset_v2\lpd_image (527).xml,91,217,194,262
./lpd_dataset_v2\lpd_image (528).xml,94,207,238,306
./lpd_dataset_v2\lpd_image (529).xml,242,428,195,250
./lpd_dataset_v2\lpd_image (53).xml,375,650,335,430
./lpd_dataset_v2\lpd_image (530).xml,225,427,298,358
./lpd_dataset_v2\lpd_image (531).xml,208,421,300,363
./lpd_dataset_v2\lpd_image (532).xml,238,412,228,280
./lpd_dataset_v2\lpd_image (533).xml,231,441,207,266
./lpd_dataset_v2\lpd_image (534).xml,201,443,348,416
./lpd_dataset_v2\lpd_image (535).xml,231,426,348,408
./lpd_dataset_v2\lpd_image (536).xml,64,194,281,370
./lpd_dataset_v2\lpd_image (537).xml,231,418,223,278
./lpd_dataset_v2\lpd_image (538).xml,217,410,319,381
./lpd_dataset_v2\lpd_image (539).xml,210,433,266,326
./lpd_dataset_v2\lpd_image (54).xml,258,514,679,758
./lpd_dataset_v2\lpd_image (540).xml,226,429,245,307
./lpd_dataset_v2\lpd_image (541).xml,94,218,194,262
./lpd_dataset_v2\lpd_image (542).xml,459,579,269,348
./lpd_dataset_v2\lpd_image (543).xml,207,424,269,335
./lpd_dataset_v2\lpd_image (544).xml,211,422,321,386
./lpd_dataset_v2\lpd_image (545).xml,223,429,183,237
./lpd_dataset_v2\lpd_image (546).xml,231,430,212,269
./lpd_dataset_v2\lpd_image (547).xml,235,422,279,333
./lpd_dataset_v2\lpd_image (548).xml,236,407,318,371
./lpd_dataset_v2\lpd_image (549).xml,225,419,298,360
./lpd_dataset_v2\lpd_image (55).xml,287,536,652,739
./lpd_dataset_v2\lpd_image (550).xml,247,397,261,309
./lpd_dataset_v2\lpd_image (551).xml,104,225,239,306
./lpd_dataset_v2\lpd_image (552).xml,269,413,284,360
./lpd_dataset_v2\lpd_image (553).xml,84,198,206,270
./lpd_dataset_v2\lpd_image (554).xml,239,426,358,414
./lpd_dataset_v2\lpd_image (555).xml,79,191,263,334
./lpd_dataset_v2\lpd_image (556).xml,151,248,238,295
./lpd_dataset_v2\lpd_image (557).xml,228,431,256,315
./lpd_dataset_v2\lpd_image (558).xml,231,425,360,419
./lpd_dataset_v2\lpd_image (559).xml,230,428,239,298
./lpd_dataset_v2\lpd_image (56).xml,247,540,448,530
./lpd_dataset_v2\lpd_image (560).xml,231,424,214,269
./lpd_dataset_v2\lpd_image (561).xml,107,195,301,393
./lpd_dataset_v2\lpd_image (562).xml,80,195,190,258
./lpd_dataset_v2\lpd_image (563).xml,227,426,213,275
./lpd_dataset_v2\lpd_image (564).xml,223,424,331,390
./lpd_dataset_v2\lpd_image (565).xml,237,434,228,288
./lpd_dataset_v2\lpd_image (566).xml,231,418,278,332
./lpd_dataset_v2\lpd_image (567).xml,119,228,299,371
./lpd_dataset_v2\lpd_image (568).xml,231,437,335,382
./lpd_dataset_v2\lpd_image (569).xml,223,406,313,369
./lpd_dataset_v2\lpd_image (57).xml,282,575,284,379
./lpd_dataset_v2\lpd_image (570).xml,230,437,326,392
./lpd_dataset_v2\lpd_image (571).xml,92,210,271,342
./lpd_dataset_v2\lpd_image (572).xml,255,426,335,399
./lpd_dataset_v2\lpd_image (573).xml,433,552,298,382
./lpd_dataset_v2\lpd_image (574).xml,235,418,374,431
./lpd_dataset_v2\lpd_image (575).xml,426,550,223,296
./lpd_dataset_v2\lpd_image (576).xml,104,221,328,402
./lpd_dataset_v2\lpd_image (577).xml,88,215,282,356
./lpd_dataset_v2\lpd_image (578).xml,227,414,323,384
./lpd_dataset_v2\lpd_image (579).xml,244,439,216,276
./lpd_dataset_v2\lpd_image (58).xml,37,182,328,410
./lpd_dataset_v2\lpd_image (580).xml,76,206,270,352
./lpd_dataset_v2\lpd_image (581).xml,66,202,264,344
./lpd_dataset_v2\lpd_image (582).xml,239,418,220,278
./lpd_dataset_v2\lpd_image (583).xml,266,438,247,297
./lpd_dataset_v2\lpd_image (584).xml,235,427,284,335
./lpd_dataset_v2\lpd_image (585).xml,118,219,197,254
./lpd_dataset_v2\lpd_image (586).xml,100,214,203,266
./lpd_dataset_v2\lpd_image (587).xml,80,211,255,345
./lpd_dataset_v2\lpd_image (588).xml,256,386,264,337
./lpd_dataset_v2\lpd_image (589).xml,236,427,309,365
./lpd_dataset_v2\lpd_image (59).xml,835,1019,272,363
./lpd_dataset_v2\lpd_image (590).xml,105,190,260,338
./lpd_dataset_v2\lpd_image (591).xml,109,235,197,266
./lpd_dataset_v2\lpd_image (592).xml,239,404,349,402
./lpd_dataset_v2\lpd_image (593).xml,214,390,219,269
./lpd_dataset_v2\lpd_image (594).xml,243,422,282,330
./lpd_dataset_v2\lpd_image (595).xml,125,235,210,266
./lpd_dataset_v2\lpd_image (596).xml,243,399,187,241
./lpd_dataset_v2\lpd_image (597).xml,457,582,275,355
./lpd_dataset_v2\lpd_image (598).xml,249,420,350,407
./lpd_dataset_v2\lpd_image (599).xml,236,421,322,382
./lpd_dataset_v2\lpd_image (6).xml,95,179,147,168
./lpd_dataset_v2\lpd_image (60).xml,167,331,647,707
./lpd_dataset_v2\lpd_image (600).xml,223,418,220,283
./lpd_dataset_v2\lpd_image (601).xml,226,410,234,287
./lpd_dataset_v2\lpd_image (602).xml,223,431,286,342
./lpd_dataset_v2\lpd_image (603).xml,224,408,235,296
./lpd_dataset_v2\lpd_image (604).xml,97,223,291,374
./lpd_dataset_v2\lpd_image (605).xml,234,406,334,391
./lpd_dataset_v2\lpd_image (606).xml,249,400,352,397
./lpd_dataset_v2\lpd_image (607).xml,215,410,209,271
./lpd_dataset_v2\lpd_image (608).xml,97,227,179,253
./lpd_dataset_v2\lpd_image (609).xml,242,404,347,393
./lpd_dataset_v2\lpd_image (61).xml,151,295,483,532
./lpd_dataset_v2\lpd_image (610).xml,226,419,219,280
./lpd_dataset_v2\lpd_image (611).xml,223,435,292,350
./lpd_dataset_v2\lpd_image (612).xml,102,209,274,350
./lpd_dataset_v2\lpd_image (613).xml,239,426,286,342
./lpd_dataset_v2\lpd_image (614).xml,240,418,368,425
./lpd_dataset_v2\lpd_image (615).xml,241,440,251,313
./lpd_dataset_v2\lpd_image (616).xml,108,223,214,278
./lpd_dataset_v2\lpd_image (617).xml,241,434,328,385
./lpd_dataset_v2\lpd_image (618).xml,239,421,242,303
./lpd_dataset_v2\lpd_image (619).xml,223,411,312,371
./lpd_dataset_v2\lpd_image (62).xml,324,464,651,701
./lpd_dataset_v2\lpd_image (620).xml,242,419,350,401
./lpd_dataset_v2\lpd_image (621).xml,94,207,282,350
./lpd_dataset_v2\lpd_image (622).xml,240,425,321,378
./lpd_dataset_v2\lpd_image (623).xml,415,546,269,346
./lpd_dataset_v2\lpd_image (624).xml,223,414,237,297
./lpd_dataset_v2\lpd_image (625).xml,404,533,191,260
./lpd_dataset_v2\lpd_image (626).xml,235,431,225,290
./lpd_dataset_v2\lpd_image (627).xml,113,239,177,246
./lpd_dataset_v2\lpd_image (628).xml,411,530,216,276
./lpd_dataset_v2\lpd_image (629).xml,233,423,222,283
./lpd_dataset_v2\lpd_image (63).xml,252,591,671,785
./lpd_dataset_v2\lpd_image (630).xml,235,416,326,377
./lpd_dataset_v2\lpd_image (631).xml,226,412,258,318
./lpd_dataset_v2\lpd_image (632).xml,240,426,362,423
./lpd_dataset_v2\lpd_image (633).xml,94,198,295,374
./lpd_dataset_v2\lpd_image (634).xml,218,409,318,378
./lpd_dataset_v2\lpd_image (635).xml,248,425,321,373
./lpd_dataset_v2\lpd_image (636).xml,106,220,186,258
./lpd_dataset_v2\lpd_image (637).xml,229,426,230,292
./lpd_dataset_v2\lpd_image (638).xml,246,409,199,250
./lpd_dataset_v2\lpd_image (639).xml,116,214,186,246
./lpd_dataset_v2\lpd_image (64).xml,252,549,574,683
./lpd_dataset_v2\lpd_image (640).xml,229,440,358,424
./lpd_dataset_v2\lpd_image (641).xml,78,210,289,376
./lpd_dataset_v2\lpd_image (642).xml,228,414,320,374
./lpd_dataset_v2\lpd_image (643).xml,246,430,362,410
./lpd_dataset_v2\lpd_image (644).xml,246,428,336,393
./lpd_dataset_v2\lpd_image (645).xml,248,438,237,298
./lpd_dataset_v2\lpd_image (646).xml,96,206,258,328
./lpd_dataset_v2\lpd_image (647).xml,252,425,298,343
./lpd_dataset_v2\lpd_image (648).xml,279,385,205,271
./lpd_dataset_v2\lpd_image (649).xml,251,425,334,390
./lpd_dataset_v2\lpd_image (65).xml,127,317,599,699
./lpd_dataset_v2\lpd_image (650).xml,131,231,198,253
./lpd_dataset_v2\lpd_image (651).xml,258,424,219,263
./lpd_dataset_v2\lpd_image (652).xml,250,431,226,285
./lpd_dataset_v2\lpd_image (653).xml,105,211,190,251
./lpd_dataset_v2\lpd_image (654).xml,239,441,330,396
./lpd_dataset_v2\lpd_image (655).xml,233,442,221,277
./lpd_dataset_v2\lpd_image (656).xml,252,429,342,395
./lpd_dataset_v2\lpd_image (657).xml,261,451,213,278
./lpd_dataset_v2\lpd_image (658).xml,266,441,342,394
./lpd_dataset_v2\lpd_image (659).xml,243,434,283,341
./lpd_dataset_v2\lpd_image (66).xml,242,536,524,619
./lpd_dataset_v2\lpd_image (660).xml,245,450,308,369
./lpd_dataset_v2\lpd_image (661).xml,251,394,322,366
./lpd_dataset_v2\lpd_image (662).xml,246,393,212,254
./lpd_dataset_v2\lpd_image (663).xml,268,390,338,410
./lpd_dataset_v2\lpd_image (664).xml,256,370,209,273
./lpd_dataset_v2\lpd_image (665).xml,249,438,329,382
./lpd_dataset_v2\lpd_image (666).xml,114,222,194,263
./lpd_dataset_v2\lpd_image (667).xml,247,441,176,238
./lpd_dataset_v2\lpd_image (668).xml,240,418,298,350
./lpd_dataset_v2\lpd_image (669).xml,109,218,202,266
./lpd_dataset_v2\lpd_image (67).xml,135,331,619,722
./lpd_dataset_v2\lpd_image (670).xml,238,421,222,280
./lpd_dataset_v2\lpd_image (671).xml,242,434,258,319
./lpd_dataset_v2\lpd_image (672).xml,247,435,259,317
./lpd_dataset_v2\lpd_image (673).xml,244,422,347,395
./lpd_dataset_v2\lpd_image (674).xml,244,427,225,285
./lpd_dataset_v2\lpd_image (675).xml,253,432,307,367
./lpd_dataset_v2\lpd_image (676).xml,254,419,214,267
./lpd_dataset_v2\lpd_image (677).xml,228,432,376,436
./lpd_dataset_v2\lpd_image (678).xml,235,427,229,287
./lpd_dataset_v2\lpd_image (679).xml,439,557,212,269
./lpd_dataset_v2\lpd_image (68).xml,249,549,549,643
./lpd_dataset_v2\lpd_image (680).xml,264,411,304,384
./lpd_dataset_v2\lpd_image (681).xml,275,393,311,379
./lpd_dataset_v2\lpd_image (682).xml,246,434,304,354
./lpd_dataset_v2\lpd_image (683).xml,238,407,185,239
./lpd_dataset_v2\lpd_image (684).xml,78,208,198,270
./lpd_dataset_v2\lpd_image (685).xml,241,433,193,251
./lpd_dataset_v2\lpd_image (686).xml,245,436,367,421
./lpd_dataset_v2\lpd_image (687).xml,135,258,307,380
./lpd_dataset_v2\lpd_image (688).xml,83,204,279,350
./lpd_dataset_v2\lpd_image (689).xml,241,423,357,411
./lpd_dataset_v2\lpd_image (69).xml,162,456,787,943
./lpd_dataset_v2\lpd_image (690).xml,229,426,315,369
./lpd_dataset_v2\lpd_image (691).xml,224,410,215,273
./lpd_dataset_v2\lpd_image (692).xml,239,410,381,431
./lpd_dataset_v2\lpd_image (693).xml,79,208,275,358
./lpd_dataset_v2\lpd_image (694).xml,236,409,217,271
./lpd_dataset_v2\lpd_image (695).xml,233,418,295,348
./lpd_dataset_v2\lpd_image (696).xml,238,416,245,298
./lpd_dataset_v2\lpd_image (697).xml,101,210,210,270
./lpd_dataset_v2\lpd_image (698).xml,247,410,241,290
./lpd_dataset_v2\lpd_image (699).xml,229,432,248,310
./lpd_dataset_v2\lpd_image (7).xml,36,190,112,170
./lpd_dataset_v2\lpd_image (70).xml,323,495,470,538
./lpd_dataset_v2\lpd_image (700).xml,245,424,343,396
./lpd_dataset_v2\lpd_image (701).xml,238,434,214,274
./lpd_dataset_v2\lpd_image (702).xml,231,450,222,290
./lpd_dataset_v2\lpd_image (703).xml,221,425,278,338
./lpd_dataset_v2\lpd_image (704).xml,110,234,190,262
./lpd_dataset_v2\lpd_image (705).xml,241,429,224,286
./lpd_dataset_v2\lpd_image (706).xml,128,205,307,382
./lpd_dataset_v2\lpd_image (707).xml,283,401,305,385
./lpd_dataset_v2\lpd_image (708).xml,267,358,226,283
./lpd_dataset_v2\lpd_image (709).xml,240,416,215,265
./lpd_dataset_v2\lpd_image (71).xml,230,516,553,635
./lpd_dataset_v2\lpd_image (710).xml,87,207,254,338
./lpd_dataset_v2\lpd_image (711).xml,238,434,341,400
./lpd_dataset_v2\lpd_image (712).xml,233,438,285,345
./lpd_dataset_v2\lpd_image (713).xml,238,411,265,317
./lpd_dataset_v2\lpd_image (714).xml,116,221,270,334
./lpd_dataset_v2\lpd_image (715).xml,249,438,235,295
./lpd_dataset_v2\lpd_image (716).xml,90,203,258,333
./lpd_dataset_v2\lpd_image (717).xml,222,430,271,334
./lpd_dataset_v2\lpd_image (718).xml,86,208,279,355
./lpd_dataset_v2\lpd_image (719).xml,251,432,325,386
./lpd_dataset_v2\lpd_image (72).xml,262,532,371,463
./lpd_dataset_v2\lpd_image (720).xml,237,428,253,311
./lpd_dataset_v2\lpd_image (721).xml,233,441,258,318
./lpd_dataset_v2\lpd_image (722).xml,220,441,302,365
./lpd_dataset_v2\lpd_image (723).xml,119,205,298,368
./lpd_dataset_v2\lpd_image (724).xml,274,393,286,356
./lpd_dataset_v2\lpd_image (725).xml,274,374,223,286
./lpd_dataset_v2\lpd_image (726).xml,237,423,269,329
./lpd_dataset_v2\lpd_image (727).xml,239,439,273,328
./lpd_dataset_v2\lpd_image (728).xml,243,421,224,281
./lpd_dataset_v2\lpd_image (729).xml,98,214,210,272
./lpd_dataset_v2\lpd_image (73).xml,300,625,678,778
./lpd_dataset_v2\lpd_image (730).xml,244,438,298,357
./lpd_dataset_v2\lpd_image (731).xml,253,411,256,306
./lpd_dataset_v2\lpd_image (732).xml,239,427,349,407
./lpd_dataset_v2\lpd_image (733).xml,227,428,236,302
./lpd_dataset_v2\lpd_image (734).xml,236,423,329,388
./lpd_dataset_v2\lpd_image (735).xml,235,422,237,296
./lpd_dataset_v2\lpd_image (736).xml,423,553,194,263
./lpd_dataset_v2\lpd_image (737).xml,255,443,283,343
./lpd_dataset_v2\lpd_image (738).xml,227,394,252,305
./lpd_dataset_v2\lpd_image (739).xml,243,424,241,294
./lpd_dataset_v2\lpd_image (74).xml,292,563,410,490
./lpd_dataset_v2\lpd_image (740).xml,133,243,215,270
./lpd_dataset_v2\lpd_image (741).xml,251,414,238,296
./lpd_dataset_v2\lpd_image (742).xml,282,416,298,372
./lpd_dataset_v2\lpd_image (743).xml,402,490,225,286
./lpd_dataset_v2\lpd_image (744).xml,263,380,209,274
./lpd_dataset_v2\lpd_image (745).xml,236,452,367,434
./lpd_dataset_v2\lpd_image (746).xml,245,422,232,287
./lpd_dataset_v2\lpd_image (747).xml,118,225,218,278
./lpd_dataset_v2\lpd_image (748).xml,241,405,249,300
./lpd_dataset_v2\lpd_image (749).xml,241,422,325,380
./lpd_dataset_v2\lpd_image (75).xml,246,502,667,738
./lpd_dataset_v2\lpd_image (750).xml,97,230,271,352
./lpd_dataset_v2\lpd_image (751).xml,236,396,233,283
./lpd_dataset_v2\lpd_image (752).xml,220,420,321,382
./lpd_dataset_v2\lpd_image (753).xml,101,188,204,252
./lpd_dataset_v2\lpd_image (754).xml,107,186,258,330
./lpd_dataset_v2\lpd_image (755).xml,263,393,286,363
./lpd_dataset_v2\lpd_image (756).xml,239,434,338,398
./lpd_dataset_v2\lpd_image (757).xml,251,431,258,314
./lpd_dataset_v2\lpd_image (758).xml,98,230,287,362
./lpd_dataset_v2\lpd_image (759).xml,243,438,342,398
./lpd_dataset_v2\lpd_image (76).xml,275,532,613,687
./lpd_dataset_v2\lpd_image (760).xml,160,275,201,273
./lpd_dataset_v2\lpd_image (761).xml,278,409,216,297
./lpd_dataset_v2\lpd_image (762).xml,136,215,198,273
./lpd_dataset_v2\lpd_image (763).xml,260,398,337,419
./lpd_dataset_v2\lpd_image (764).xml,214,406,303,360
./lpd_dataset_v2\lpd_image (765).xml,217,399,187,244
./lpd_dataset_v2\lpd_image (766).xml,140,258,213,264
./lpd_dataset_v2\lpd_image (767).xml,218,415,336,393
./lpd_dataset_v2\lpd_image (768).xml,208,409,222,288
./lpd_dataset_v2\lpd_image (769).xml,108,218,191,254
./lpd_dataset_v2\lpd_image (77).xml,245,552,351,455
./lpd_dataset_v2\lpd_image (770).xml,261,440,338,399
./lpd_dataset_v2\lpd_image (771).xml,242,443,278,343
./lpd_dataset_v2\lpd_image (772).xml,255,452,205,270
./lpd_dataset_v2\lpd_image (773).xml,240,430,288,343
./lpd_dataset_v2\lpd_image (774).xml,242,399,273,319
./lpd_dataset_v2\lpd_image (775).xml,214,416,266,326
./lpd_dataset_v2\lpd_image (776).xml,230,416,271,322
./lpd_dataset_v2\lpd_image (777).xml,231,430,286,335
./lpd_dataset_v2\lpd_image (778).xml,235,434,256,318
./lpd_dataset_v2\lpd_image (779).xml,235,448,297,359
./lpd_dataset_v2\lpd_image (78).xml,37,137,203,273
./lpd_dataset_v2\lpd_image (780).xml,411,534,206,267
./lpd_dataset_v2\lpd_image (781).xml,239,442,216,282
./lpd_dataset_v2\lpd_image (782).xml,242,436,322,380
./lpd_dataset_v2\lpd_image (783).xml,250,433,206,258
./lpd_dataset_v2\lpd_image (784).xml,88,211,259,334
./lpd_dataset_v2\lpd_image (785).xml,279,402,353,427
./lpd_dataset_v2\lpd_image (786).xml,247,411,201,252
./lpd_dataset_v2\lpd_image (787).xml,94,217,270,346
./lpd_dataset_v2\lpd_image (788).xml,227,416,287,345
./lpd_dataset_v2\lpd_image (789).xml,231,425,211,267
./lpd_dataset_v2\lpd_image (79).xml,242,506,324,401
./lpd_dataset_v2\lpd_image (790).xml,238,438,270,324
./lpd_dataset_v2\lpd_image (791).xml,241,426,311,370
./lpd_dataset_v2\lpd_image (792).xml,110,222,209,268
./lpd_dataset_v2\lpd_image (793).xml,244,408,234,278
./lpd_dataset_v2\lpd_image (794).xml,102,222,281,348
./lpd_dataset_v2\lpd_image (795).xml,209,402,286,346
./lpd_dataset_v2\lpd_image (796).xml,76,202,250,334
./lpd_dataset_v2\lpd_image (797).xml,250,426,276,325
./lpd_dataset_v2\lpd_image (798).xml,241,402,214,256
./lpd_dataset_v2\lpd_image (799).xml,239,428,256,306
./lpd_dataset_v2\lpd_image (8).xml,97,214,139,177
./lpd_dataset_v2\lpd_image (80).xml,346,1183,1075,1761
./lpd_dataset_v2\lpd_image (800).xml,412,542,279,348
./lpd_dataset_v2\lpd_image (801).xml,228,414,376,430
./lpd_dataset_v2\lpd_image (802).xml,274,438,340,397
./lpd_dataset_v2\lpd_image (803).xml,118,233,286,356
./lpd_dataset_v2\lpd_image (804).xml,263,423,213,262
./lpd_dataset_v2\lpd_image (805).xml,255,426,314,366
./lpd_dataset_v2\lpd_image (806).xml,128,244,199,258
./lpd_dataset_v2\lpd_image (807).xml,246,436,223,277
./lpd_dataset_v2\lpd_image (808).xml,267,445,221,270
./lpd_dataset_v2\lpd_image (809).xml,263,446,331,378
./lpd_dataset_v2\lpd_image (81).xml,1313,2396,1672,2016
./lpd_dataset_v2\lpd_image (810).xml,130,238,198,260
./lpd_dataset_v2\lpd_image (811).xml,239,428,288,340
./lpd_dataset_v2\lpd_image (812).xml,412,531,198,255
./lpd_dataset_v2\lpd_image (813).xml,235,426,214,274
./lpd_dataset_v2\lpd_image (814).xml,252,434,337,390
./lpd_dataset_v2\lpd_image (815).xml,250,440,206,260
./lpd_dataset_v2\lpd_image (816).xml,242,424,293,345
./lpd_dataset_v2\lpd_image (817).xml,247,430,217,269
./lpd_dataset_v2\lpd_image (818).xml,246,424,317,369
./lpd_dataset_v2\lpd_image (819).xml,283,394,263,331
./lpd_dataset_v2\lpd_image (82).xml,998,1380,1162,2068
./lpd_dataset_v2\lpd_image (820).xml,99,175,246,320
./lpd_dataset_v2\lpd_image (821).xml,108,238,270,348
./lpd_dataset_v2\lpd_image (822).xml,252,440,270,330
./lpd_dataset_v2\lpd_image (823).xml,251,433,222,278
./lpd_dataset_v2\lpd_image (824).xml,136,221,272,358
./lpd_dataset_v2\lpd_image (825).xml,287,406,251,324
./lpd_dataset_v2\lpd_image (826).xml,245,439,277,328
./lpd_dataset_v2\lpd_image (827).xml,236,422,208,269
./lpd_dataset_v2\lpd_image (828).xml,122,236,198,255
./lpd_dataset_v2\lpd_image (829).xml,407,540,205,267
./lpd_dataset_v2\lpd_image (83).xml,1109,1936,2018,2355
./lpd_dataset_v2\lpd_image (830).xml,239,437,176,233
./lpd_dataset_v2\lpd_image (831).xml,254,434,350,403
./lpd_dataset_v2\lpd_image (832).xml,257,443,302,354
./lpd_dataset_v2\lpd_image (833).xml,125,236,270,336
./lpd_dataset_v2\lpd_image (834).xml,248,421,269,320
./lpd_dataset_v2\lpd_image (835).xml,98,210,202,265
./lpd_dataset_v2\lpd_image (836).xml,255,441,218,273
./lpd_dataset_v2\lpd_image (837).xml,234,430,285,338
./lpd_dataset_v2\lpd_image (838).xml,248,425,338,388
./lpd_dataset_v2\lpd_image (839).xml,247,434,220,282
./lpd_dataset_v2\lpd_image (84).xml,474,1599,1088,1721
./lpd_dataset_v2\lpd_image (840).xml,261,438,319,374
./lpd_dataset_v2\lpd_image (841).xml,252,433,217,271
./lpd_dataset_v2\lpd_image (842).xml,134,254,194,254
./lpd_dataset_v2\lpd_image (843).xml,421,543,270,342
./lpd_dataset_v2\lpd_image (844).xml,224,426,331,389
./lpd_dataset_v2\lpd_image (845).xml,259,449,306,365
./lpd_dataset_v2\lpd_image (846).xml,114,242,267,338
./lpd_dataset_v2\lpd_image (847).xml,110,221,187,254
./lpd_dataset_v2\lpd_image (848).xml,247,438,229,288
./lpd_dataset_v2\lpd_image (849).xml,407,534,208,258
./lpd_dataset_v2\lpd_image (85).xml,1045,1262,896,1014
./lpd_dataset_v2\lpd_image (850).xml,251,434,292,342
./lpd_dataset_v2\lpd_image (851).xml,91,219,277,353
./lpd_dataset_v2\lpd_image (852).xml,248,427,296,356
./lpd_dataset_v2\lpd_image (853).xml,244,421,199,255
./lpd_dataset_v2\lpd_image (854).xml,242,423,309,365
./lpd_dataset_v2\lpd_image (855).xml,94,224,278,358
./lpd_dataset_v2\lpd_image (856).xml,260,440,218,268
./lpd_dataset_v2\lpd_image (857).xml,253,448,277,334
./lpd_dataset_v2\lpd_image (858).xml,126,240,195,250
./lpd_dataset_v2\lpd_image (859).xml,407,530,206,260
./lpd_dataset_v2\lpd_image (86).xml,92,182,214,263
./lpd_dataset_v2\lpd_image (860).xml,251,436,214,267
./lpd_dataset_v2\lpd_image (861).xml,247,428,220,276
./lpd_dataset_v2\lpd_image (862).xml,112,239,250,326
./lpd_dataset_v2\lpd_image (863).xml,253,435,310,366
./lpd_dataset_v2\lpd_image (864).xml,252,427,270,325
./lpd_dataset_v2\lpd_image (865).xml,258,412,309,360
./lpd_dataset_v2\lpd_image (866).xml,130,233,165,215
./lpd_dataset_v2\lpd_image (867).xml,265,413,222,265
./lpd_dataset_v2\lpd_image (868).xml,252,426,382,428
./lpd_dataset_v2\lpd_image (869).xml,420,529,218,267
./lpd_dataset_v2\lpd_image (87).xml,89,185,214,262
./lpd_dataset_v2\lpd_image (870).xml,248,407,227,273
./lpd_dataset_v2\lpd_image (871).xml,242,430,327,383
./lpd_dataset_v2\lpd_image (872).xml,104,230,259,340
./lpd_dataset_v2\lpd_image (873).xml,239,432,210,272
./lpd_dataset_v2\lpd_image (874).xml,235,426,287,341
./lpd_dataset_v2\lpd_image (875).xml,247,434,210,266
./lpd_dataset_v2\lpd_image (876).xml,232,426,314,373
./lpd_dataset_v2\lpd_image (877).xml,255,424,213,263
./lpd_dataset_v2\lpd_image (878).xml,276,395,286,354
./lpd_dataset_v2\lpd_image (879).xml,271,374,200,265
./lpd_dataset_v2\lpd_image (88).xml,145,374,518,613
./lpd_dataset_v2\lpd_image (880).xml,244,386,312,390
./lpd_dataset_v2\lpd_image (881).xml,271,382,218,290
./lpd_dataset_v2\lpd_image (882).xml,146,225,220,282
./lpd_dataset_v2\lpd_image (883).xml,274,392,327,392
./lpd_dataset_v2\lpd_image (884).xml,418,510,306,386
./lpd_dataset_v2\lpd_image (885).xml,256,383,258,332
./lpd_dataset_v2\lpd_image (886).xml,228,420,326,376
./lpd_dataset_v2\lpd_image (887).xml,216,424,185,249
./lpd_dataset_v2\lpd_image (888).xml,84,226,282,357
./lpd_dataset_v2\lpd_image (889).xml,223,418,324,382
./lpd_dataset_v2\lpd_image (89).xml,173,262,241,289
./lpd_dataset_v2\lpd_image (890).xml,89,227,292,361
./lpd_dataset_v2\lpd_image (891).xml,221,409,233,288
./lpd_dataset_v2\lpd_image (892).xml,224,421,227,281
./lpd_dataset_v2\lpd_image (893).xml,79,190,218,282
./lpd_dataset_v2\lpd_image (894).xml,431,548,220,280
./lpd_dataset_v2\lpd_image (895).xml,410,538,279,346
./lpd_dataset_v2\lpd_image (896).xml,223,410,322,374
./lpd_dataset_v2\lpd_image (897).xml,228,407,307,356
./lpd_dataset_v2\lpd_image (898).xml,391,527,296,367
./lpd_dataset_v2\lpd_image (899).xml,220,419,348,405
./lpd_dataset_v2\lpd_image (9).xml,229,414,329,373
./lpd_dataset_v2\lpd_image (90).xml,392,538,357,419
./lpd_dataset_v2\lpd_image (900).xml,221,426,335,388
./lpd_dataset_v2\lpd_image (901).xml,415,532,226,290
./lpd_dataset_v2\lpd_image (902).xml,218,422,240,295
./lpd_dataset_v2\lpd_image (903).xml,238,409,321,367
./lpd_dataset_v2\lpd_image (904).xml,84,215,279,350
./lpd_dataset_v2\lpd_image (905).xml,230,422,218,277
./lpd_dataset_v2\lpd_image (906).xml,227,417,326,376
./lpd_dataset_v2\lpd_image (907).xml,215,417,230,285
./lpd_dataset_v2\lpd_image (908).xml,63,183,298,374
./lpd_dataset_v2\lpd_image (909).xml,252,386,248,326
./lpd_dataset_v2\lpd_image (91).xml,349,503,400,483
./lpd_dataset_v2\lpd_image (910).xml,219,430,302,358
./lpd_dataset_v2\lpd_image (911).xml,225,418,337,390
./lpd_dataset_v2\lpd_image (912).xml,223,410,237,293
./lpd_dataset_v2\lpd_image (913).xml,231,424,354,414
./lpd_dataset_v2\lpd_image (914).xml,211,410,227,290
./lpd_dataset_v2\lpd_image (915).xml,97,218,211,280
./lpd_dataset_v2\lpd_image (916).xml,227,430,350,413
./lpd_dataset_v2\lpd_image (917).xml,211,408,250,310
./lpd_dataset_v2\lpd_image (918).xml,211,426,299,365
./lpd_dataset_v2\lpd_image (919).xml,225,410,223,279
./lpd_dataset_v2\lpd_image (92).xml,358,574,865,937
./lpd_dataset_v2\lpd_image (920).xml,85,191,222,282
./lpd_dataset_v2\lpd_image (921).xml,235,438,324,379
./lpd_dataset_v2\lpd_image (922).xml,227,420,224,279
./lpd_dataset_v2\lpd_image (923).xml,102,219,221,276
./lpd_dataset_v2\lpd_image (924).xml,134,214,223,290
./lpd_dataset_v2\lpd_image (925).xml,219,432,352,401
./lpd_dataset_v2\lpd_image (926).xml,254,390,214,294
./lpd_dataset_v2\lpd_image (927).xml,352,668,617,707
./lpd_dataset_v2\lpd_image (928).xml,255,531,284,356
./lpd_dataset_v2\lpd_image (929).xml,306,504,576,645
./lpd_dataset_v2\lpd_image (93).xml,300,444,337,395
./lpd_dataset_v2\lpd_image (930).xml,305,509,469,530
./lpd_dataset_v2\lpd_image (931).xml,290,463,325,379
./lpd_dataset_v2\lpd_image (932).xml,488,664,622,702
./lpd_dataset_v2\lpd_image (933).xml,284,505,377,435
./lpd_dataset_v2\lpd_image (934).xml,288,609,611,693
./lpd_dataset_v2\lpd_image (935).xml,253,540,620,703
./lpd_dataset_v2\lpd_image (936).xml,329,526,399,445
./lpd_dataset_v2\lpd_image (937).xml,324,497,273,328
./lpd_dataset_v2\lpd_image (938).xml,213,399,681,731
./lpd_dataset_v2\lpd_image (939).xml,156,305,604,646
./lpd_dataset_v2\lpd_image (94).xml,300,439,335,392
./lpd_dataset_v2\lpd_image (940).xml,135,288,503,545
./lpd_dataset_v2\lpd_image (941).xml,488,678,572,657
./lpd_dataset_v2\lpd_image (942).xml,251,446,570,625
./lpd_dataset_v2\lpd_image (943).xml,279,441,457,509
./lpd_dataset_v2\lpd_image (944).xml,120,332,497,591
./lpd_dataset_v2\lpd_image (945).xml,603,795,678,801
./lpd_dataset_v2\lpd_image (946).xml,389,519,301,345
./lpd_dataset_v2\lpd_image (947).xml,144,274,357,412
./lpd_dataset_v2\lpd_image (948).xml,242,552,700,788
./lpd_dataset_v2\lpd_image (949).xml,176,432,529,601
./lpd_dataset_v2\lpd_image (95).xml,138,306,278,335
./lpd_dataset_v2\lpd_image (950).xml,302,542,489,558
./lpd_dataset_v2\lpd_image (951).xml,251,447,392,448
./lpd_dataset_v2\lpd_image (952).xml,455,680,543,611
./lpd_dataset_v2\lpd_image (953).xml,324,462,451,493
./lpd_dataset_v2\lpd_image (954).xml,461,607,439,485
./lpd_dataset_v2\lpd_image (955).xml,215,333,403,502
./lpd_dataset_v2\lpd_image (956).xml,294,568,794,871
./lpd_dataset_v2\lpd_image (957).xml,204,439,649,721
./lpd_dataset_v2\lpd_image (958).xml,110,191,264,286
./lpd_dataset_v2\lpd_image (959).xml,487,691,466,569
./lpd_dataset_v2\lpd_image (96).xml,214,317,252,307
./lpd_dataset_v2\lpd_image (960).xml,273,512,616,680
./lpd_dataset_v2\lpd_image (961).xml,283,508,650,719
./lpd_dataset_v2\lpd_image (962).xml,142,271,313,398
./lpd_dataset_v2\lpd_image (963).xml,114,190,99,123
./lpd_dataset_v2\lpd_image (964).xml,301,512,378,437
./lpd_dataset_v2\lpd_image (965).xml,261,494,632,698
./lpd_dataset_v2\lpd_image (966).xml,258,529,460,536
./lpd_dataset_v2\lpd_image (967).xml,301,490,272,331
./lpd_dataset_v2\lpd_image (968).xml,290,515,348,414
./lpd_dataset_v2\lpd_image (969).xml,299,488,498,545
./lpd_dataset_v2\lpd_image (97).xml,73,186,119,159
./lpd_dataset_v2\lpd_image (970).xml,285,509,305,372
./lpd_dataset_v2\lpd_image (971).xml,241,520,574,644
./lpd_dataset_v2\lpd_image (972).xml,263,507,453,521
./lpd_dataset_v2\lpd_image (973).xml,321,503,373,424
./lpd_dataset_v2\lpd_image (974).xml,108,192,154,185
./lpd_dataset_v2\lpd_image (975).xml,273,503,381,447
./lpd_dataset_v2\lpd_image (976).xml,280,490,773,839
./lpd_dataset_v2\lpd_image (977).xml,272,485,724,787
./lpd_dataset_v2\lpd_image (978).xml,269,480,618,689
./lpd_dataset_v2\lpd_image (979).xml,266,481,722,788
./lpd_dataset_v2\lpd_image (98).xml,282,420,245,303
./lpd_dataset_v2\lpd_image (980).xml,287,485,612,676
./lpd_dataset_v2\lpd_image (981).xml,329,524,419,486
./lpd_dataset_v2\lpd_image (982).xml,313,501,437,492
./lpd_dataset_v2\lpd_image (983).xml,192,315,368,412
./lpd_dataset_v2\lpd_image (984).xml,187,315,333,374
./lpd_dataset_v2\lpd_image (985).xml,239,531,826,893
./lpd_dataset_v2\lpd_image (986).xml,270,523,663,742
./lpd_dataset_v2\lpd_image (987).xml,277,400,157,193
./lpd_dataset_v2\lpd_image (988).xml,298,436,257,303
./lpd_dataset_v2\lpd_image (989).xml,310,466,230,278
./lpd_dataset_v2\lpd_image (99).xml,304,471,516,567
./lpd_dataset_v2\lpd_image (990).xml,297,535,577,641
./lpd_dataset_v2\lpd_image (991).xml,251,506,471,543
./lpd_dataset_v2\lpd_image (992).xml,281,506,516,579
./lpd_dataset_v2\lpd_image (993).xml,276,504,313,378
./lpd_dataset_v2\lpd_image (994).xml,236,412,566,625
./lpd_dataset_v2\lpd_image (995).xml,193,372,525,575
./lpd_dataset_v2\lpd_image (996).xml,275,484,712,775
./lpd_dataset_v2\lpd_image (997).xml,230,481,631,700
./lpd_dataset_v2\lpd_image (998).xml,297,468,408,461
./lpd_dataset_v2\lpd_image (999).xml,298,492,615,674
